{"employee_data": {
    "employee_name": "Jerry Miller",
    "jobs_data": {
        "jobs_today": 5,
        "jobs_completed_today": 3,
        "total_jobs_this_month": 50
    },
    "time_sheet": { 
        "hours_today": 4,
        "hours_this_week": 12,
        "hours_this_month": 48
    },
    "current_vehicle": {
        "image1": "images/Vehicle-image1-name.jpg",
        "image2": "images/Vehicle-image2-name.jpg",
        "image3": "images/Vehicle-image3-name.jpg"
		},
	"equipment_attached": {
        "image1": "images/Equipment-image-name.jpg",
        "image2": "images/Equipment-image-name.jpg",
        "image3": "images/Equipment-image-name.jpg"
		}	
}} 