{
  "jobs": [
{
      "id": "11111",
      "contractor_id": "111",
      "client_id": "1111",
      "start_date": "01/01/2014",
      "priority": "H",
      "notes": "Notes of Job",
      "hazards": "Hazards of Job",
      "billing_status": "b",
      "status": "0",
      "added_date": "01/01/2015",
      "modified_date": "01/02/2015",
      "job_task" : [
          {
            "id": "01",
            "job_id": "01",
            "employee_id": "01",
            "status": "0",
            "added_date": "01/01/2015",
            "modified_date": "01/02/2015"
          },
          {
            "id": "011",
            "job_id": "011",
            "employee_id": "011",
            "status": "0",
            "added_date": "01/01/2015",
            "modified_date": "01/02/2015"
          }
        ],
      "job_location": {
        "id": "11",
        "job_id": "11",
        "location_id": "11",
        "status": "0",
        "added_date": "01/01/2015",
        "modified_date": "01/02/2015"
      }
    },
     {
      "id": "22222",
      "contractor_id": "222",
      "client_id": "2222",
      "start_date": "01/01/2014",
      "priority": "M",
      "notes": "Notes of Job",
      "hazards": "Hazards of Job",
      "billing_status": "ub",
      "status": "0",
      "added_date": "10/01/2015",
      "modified_date": "15/02/2015",
      "job_task" : [
          {
            "id": "02",
            "job_id": "02",
            "employee_id": "02",
            "status": "0",
            "added_date": "10/01/2015",
            "modified_date": "01/02/2015"
          },
          {
            "id": "022",
            "job_id": "022",
            "employee_id": "022",
            "status": "0",
            "added_date": "10/01/2015",
            "modified_date": "01/02/2015"
          },
          {
            "id": "023",
            "job_id": "023",
            "employee_id": "023",
            "status": "0",
            "added_date": "10/01/2015",
            "modified_date": "01/02/2015"
          }
        ],
      "job_location": {
        "id": "22",
        "job_id": "22",
        "location_id": "22",
        "status": "1",
        "added_date": "10/01/2015",
        "modified_date": "01/02/2015"
      }
    },
    {
      "id": "33333",
      "contractor_id": "333",
      "client_id": "3333",
      "start_date": "01/01/2014",
      "priority": "L",
      "notes": "Notes of Job",
      "hazards": "Hazards of Job",
      "billing_status": "a",
      "status": "0",
      "added_date": "20/01/2015",
      "modified_date": "01/02/2015",
      "job_task" : [
          {
            "id": "03",
            "job_id": "03",
            "employee_id": "03",
            "status": "0",
            "added_date": "20/01/2015",
            "modified_date": "01/02/2015"
          }
        ],
      "job_location": {
        "id": "33",
        "job_id": "33",
        "location_id": "33",
        "status": "1",
        "added_date": "20/01/2015",
        "modified_date": "01/02/2015"
      }
    },
    {
      "id": "44444",
      "contractor_id": "444",
      "client_id": "4444",
      "start_date": "01/01/2014",
      "priority": "H",
      "notes": "Notes of Job",
      "hazards": "Hazards of Job",
      "billing_status": "bu",
      "status": "0",
      "added_date": "30/01/2015",
      "modified_date": "10/02/2015",
      "job_task" : [
          {
            "id": "04",
            "job_id": "04",
            "employee_id": "04",
            "status": "1",
            "added_date": "30/01/2015",
            "modified_date": "01/02/2015"
          }
        ],
      "job_location": {
        "id": "44",
        "job_id": "44",
        "location_id": "44",
        "status": "0",
        "added_date": "30/01/2015",
        "modified_date": "01/02/2015"
      }
    }
  ]
}